Workbook

Sheet Sales
A1: Sales
A2: Invoice No. | B2: Date of Sale | C2: Item Code | D2: Qty | E2: Unit Value | F2: Total Value
A3: 1425 | B3: 45682 | C3: A01 - Flats | D3: 2000 | E3: 680 | F3: =Table3[[#This Row],[Qty]]*Table3[[#This Row],[Unit Value]] -> 1360000
A4: 2565 | B4: 45682 | C4: A01 - Coat Shoe | D4: 956 | E4: 1550 | F4: =Table3[[#This Row],[Qty]]*Table3[[#This Row],[Unit Value]] -> 1481800
A5: 6565 | B5: 45682 | C5: A02 - Shoe | D5: 521 | E5: 680 | F5: =Table3[[#This Row],[Qty]]*Table3[[#This Row],[Unit Value]] -> 354280
A6: 6656 | B6: 45682 | C6: A05 - LV Shoe | D6: 1423 | E6: 780 | F6: =Table3[[#This Row],[Qty]]*Table3[[#This Row],[Unit Value]] -> 1109940
F7: =Table3[[#This Row],[Qty]]*Table3[[#This Row],[Unit Value]] -> 0
F8: =Table3[[#This Row],[Qty]]*Table3[[#This Row],[Unit Value]] -> 0
F9: =Table3[[#This Row],[Qty]]*Table3[[#This Row],[Unit Value]] -> 0
F10: =Table3[[#This Row],[Qty]]*Table3[[#This Row],[Unit Value]] -> 0
F11: =Table3[[#This Row],[Qty]]*Table3[[#This Row],[Unit Value]] -> 0
F12: =Table3[[#This Row],[Qty]]*Table3[[#This Row],[Unit Value]] -> 0
F13: =Table3[[#This Row],[Qty]]*Table3[[#This Row],[Unit Value]] -> 0

Sheet Purchases
A1: Purchases
A2: Invoice No. | B2: Date of Purchase | C2: Item Code | D2: Qty | E2: Unit Value | F2: Total Value
A3: 11 | B3: 45686 | C3: A01 - Flats | D3: 2500 | E3: 980 | F3: =Table35[[#This Row],[Qty]]*Table35[[#This Row],[Unit Value]] -> 2450000
A4: 12 | B4: 45686 | C4: A01 - Coat Shoe | D4: 1000 | E4: 1950 | F4: =Table35[[#This Row],[Qty]]*Table35[[#This Row],[Unit Value]] -> 1950000
A5: 13 | B5: 45686 | C5: A02 - Shoe | D5: 562 | E5: 1280 | F5: =Table35[[#This Row],[Qty]]*Table35[[#This Row],[Unit Value]] -> 719360
A6: 14 | B6: 45686 | C6: A05 - LV Shoe | D6: 1500 | E6: 1480 | F6: =Table35[[#This Row],[Qty]]*Table35[[#This Row],[Unit Value]] -> 2220000
F7: =Table35[[#This Row],[Qty]]*Table35[[#This Row],[Unit Value]] -> 0
F8: =Table35[[#This Row],[Qty]]*Table35[[#This Row],[Unit Value]] -> 0
F9: =Table35[[#This Row],[Qty]]*Table35[[#This Row],[Unit Value]] -> 0
F10: =Table35[[#This Row],[Qty]]*Table35[[#This Row],[Unit Value]] -> 0
F11: =Table35[[#This Row],[Qty]]*Table35[[#This Row],[Unit Value]] -> 0
F12: =Table35[[#This Row],[Qty]]*Table35[[#This Row],[Unit Value]] -> 0
F13: =Table35[[#This Row],[Qty]]*Table35[[#This Row],[Unit Value]] -> 0

Sheet Inventory
A1: Current Inventory Position
A2: CODE | B2: QTY - Purchased | C2: QTY -Sold | D2: Available QTY
A3: A01 - Flats | B3: =SUMIFS(Purchases!D:D,Purchases!C:C,Table2[[#This Row],[CODE]]) -> 2500 | C3: =SUMIFS(Sales!D:D,Sales!C:C,Table2[[#This Row],[CODE]]) -> 2000 | D3: =Table2[[#This Row],[QTY - Purchased]]-Table2[[#This Row],[QTY -Sold]] -> 500
A4: A01 - Coat Shoe | B4: =SUMIFS(Purchases!D:D,Purchases!C:C,Table2[[#This Row],[CODE]]) -> 1000 | C4: =SUMIFS(Sales!D:D,Sales!C:C,Table2[[#This Row],[CODE]]) -> 956 | D4: =Table2[[#This Row],[QTY - Purchased]]-Table2[[#This Row],[QTY -Sold]] -> 44
A5: A02 - Shoe | B5: =SUMIFS(Purchases!D:D,Purchases!C:C,Table2[[#This Row],[CODE]]) -> 562 | C5: =SUMIFS(Sales!D:D,Sales!C:C,Table2[[#This Row],[CODE]]) -> 521 | D5: =Table2[[#This Row],[QTY - Purchased]]-Table2[[#This Row],[QTY -Sold]] -> 41
A6: A05 - LV Shoe | B6: =SUMIFS(Purchases!D:D,Purchases!C:C,Table2[[#This Row],[CODE]]) -> 1500 | C6: =SUMIFS(Sales!D:D,Sales!C:C,Table2[[#This Row],[CODE]]) -> 1423 | D6: =Table2[[#This Row],[QTY - Purchased]]-Table2[[#This Row],[QTY -Sold]] -> 77
B7: =SUMIFS(Purchases!D:D,Purchases!C:C,Table2[[#This Row],[CODE]]) -> 0 | C7: =SUMIFS(Sales!D:D,Sales!C:C,Table2[[#This Row],[CODE]]) -> 0 | D7: =Table2[[#This Row],[QTY - Purchased]]-Table2[[#This Row],[QTY -Sold]] -> 0
B8: =SUMIFS(Purchases!D:D,Purchases!C:C,Table2[[#This Row],[CODE]]) -> 0 | C8: =SUMIFS(Sales!D:D,Sales!C:C,Table2[[#This Row],[CODE]]) -> 0 | D8: =Table2[[#This Row],[QTY - Purchased]]-Table2[[#This Row],[QTY -Sold]] -> 0
